date,channel,campaign,objective,impressions,clicks,ctr_pct,cpc,spend,conversions,conversion_rate_pct,cac,revenue,roas,data_status
2020-11-01,Display,Remarketing,Conversion,12000,324,2.7,0.9,291.6,6,1.85,48.6,453.6,1.56,SIMULATED
2020-11-01,Google Ads,Brand Search,Search,32000,2938,9.18,1.1,3231.36,118,4.02,27.38,7991.36,2.47,SIMULATED
2020-11-01,Google Ads,Non-Brand Search,Search,24000,1166,4.86,1.65,1924.56,26,2.23,74.02,1846.94,0.96,SIMULATED
2020-11-01,Google Ads,Shopping,Sales,28000,1663,5.94,1.35,2245.32,47,2.83,47.77,3631.99,1.62,SIMULATED
2020-11-01,Meta Ads,Prospecting,Acquisition,30000,583,1.94,1.05,612.36,7,1.2,87.48,433.75,0.71,SIMULATED
2020-11-01,Meta Ads,Retargeting,Conversion,18000,622,3.46,1.25,777.6,22,3.54,35.35,1850.45,2.38,SIMULATED
2020-11-02,Display,Remarketing,Conversion,12205,324,2.65,0.9,291.17,6,1.85,48.53,453.6,1.56,SIMULATED
2020-11-02,Google Ads,Brand Search,Search,32547,2933,9.01,1.1,3226.59,117,3.99,27.58,7977.76,2.47,SIMULATED
2020-11-02,Google Ads,Non-Brand Search,Search,24410,1165,4.77,1.65,1921.72,26,2.23,73.91,1845.36,0.96,SIMULATED
2020-11-02,Google Ads,Shopping,Sales,28478,1661,5.83,1.35,2242.0,47,2.83,47.7,3627.62,1.62,SIMULATED
2020-11-02,Meta Ads,Prospecting,Acquisition,30513,582,1.91,1.05,611.46,7,1.2,87.35,433.01,0.71,SIMULATED
2020-11-02,Meta Ads,Retargeting,Conversion,18308,621,3.39,1.25,776.45,22,3.54,35.29,1847.48,2.38,SIMULATED
2020-11-03,Display,Remarketing,Conversion,12406,322,2.6,0.9,289.89,6,1.86,48.31,450.8,1.56,SIMULATED
2020-11-03,Google Ads,Brand Search,Search,33082,2920,8.83,1.1,3212.47,117,4.01,27.46,7942.4,2.47,SIMULATED
2020-11-03,Google Ads,Non-Brand Search,Search,24812,1160,4.68,1.65,1913.31,26,2.24,73.59,1837.44,0.96,SIMULATED
2020-11-03,Google Ads,Shopping,Sales,28947,1653,5.71,1.35,2232.19,46,2.78,48.53,3610.15,1.62,SIMULATED
2020-11-03,Meta Ads,Prospecting,Acquisition,31015,580,1.87,1.05,608.78,7,1.21,86.97,431.52,0.71,SIMULATED
2020-11-03,Meta Ads,Retargeting,Conversion,18609,618,3.32,1.25,773.05,22,3.56,35.14,1838.55,2.38,SIMULATED
2020-11-04,Display,Remarketing,Conversion,12598,320,2.54,0.9,287.83,6,1.88,47.97,448.0,1.56,SIMULATED
2020-11-04,Google Ads,Brand Search,Search,33596,2900,8.63,1.1,3189.55,116,4.0,27.5,7888.0,2.47,SIMULATED
2020-11-04,Google Ads,Non-Brand Search,Search,25197,1151,4.57,1.65,1899.66,25,2.17,75.99,1823.18,0.96,SIMULATED
2020-11-04,Google Ads,Shopping,Sales,29396,1642,5.59,1.35,2216.27,46,2.8,48.18,3586.13,1.62,SIMULATED
2020-11-04,Meta Ads,Prospecting,Acquisition,31496,576,1.83,1.05,604.44,7,1.22,86.35,428.54,0.71,SIMULATED
2020-11-04,Meta Ads,Retargeting,Conversion,18898,614,3.25,1.25,767.54,21,3.42,36.55,1826.65,2.38,SIMULATED
2020-11-05,Display,Remarketing,Conversion,12779,317,2.48,0.9,285.05,6,1.89,47.51,443.8,1.56,SIMULATED
2020-11-05,Google Ads,Brand Search,Search,34077,2872,8.43,1.1,3158.76,115,4.0,27.47,7811.84,2.47,SIMULATED
2020-11-05,Google Ads,Non-Brand Search,Search,25558,1140,4.46,1.65,1881.32,25,2.19,75.25,1805.76,0.96,SIMULATED
2020-11-05,Google Ads,Shopping,Sales,29817,1626,5.45,1.35,2194.88,46,2.83,47.71,3551.18,1.62,SIMULATED
2020-11-05,Meta Ads,Prospecting,Acquisition,31947,570,1.78,1.05,598.6,7,1.23,85.51,424.08,0.71,SIMULATED
2020-11-05,Meta Ads,Retargeting,Conversion,19168,608,3.17,1.25,760.13,21,3.45,36.2,1808.8,2.38,SIMULATED
2020-11-06,Display,Remarketing,Conversion,12943,313,2.42,0.9,281.67,6,1.92,46.95,438.2,1.56,SIMULATED
2020-11-06,Google Ads,Brand Search,Search,34515,2838,8.22,1.1,3121.33,114,4.02,27.38,7719.36,2.47,SIMULATED
2020-11-06,Google Ads,Non-Brand Search,Search,25887,1127,4.35,1.65,1859.03,25,2.22,74.36,1785.17,0.96,SIMULATED
2020-11-06,Google Ads,Shopping,Sales,30201,1607,5.32,1.35,2168.86,45,2.8,48.2,3509.69,1.62,SIMULATED
2020-11-06,Meta Ads,Prospecting,Acquisition,32358,563,1.74,1.05,591.51,7,1.24,84.5,418.87,0.71,SIMULATED
2020-11-06,Meta Ads,Retargeting,Conversion,19415,601,3.1,1.25,751.12,21,3.49,35.77,1787.98,2.38,SIMULATED
2020-11-07,Display,Remarketing,Conversion,13089,309,2.36,0.9,277.83,6,1.94,46.3,432.6,1.56,SIMULATED
2020-11-07,Google Ads,Brand Search,Search,34903,2799,8.02,1.1,3078.73,112,4.0,27.49,7613.28,2.47,SIMULATED
2020-11-07,Google Ads,Non-Brand Search,Search,26177,1111,4.24,1.65,1833.66,24,2.16,76.4,1759.82,0.96,SIMULATED
2020-11-07,Google Ads,Shopping,Sales,30540,1585,5.19,1.35,2139.27,44,2.78,48.62,3461.64,1.62,SIMULATED
2020-11-07,Meta Ads,Prospecting,Acquisition,32722,556,1.7,1.05,583.44,7,1.26,83.35,413.66,0.71,SIMULATED
2020-11-07,Meta Ads,Retargeting,Conversion,19633,593,3.02,1.25,740.87,21,3.54,35.28,1764.18,2.38,SIMULATED
2020-11-08,Display,Remarketing,Conversion,13212,304,2.3,0.9,273.67,6,1.97,45.61,425.6,1.56,SIMULATED
2020-11-08,Google Ads,Brand Search,Search,35231,2757,7.83,1.1,3032.68,110,3.99,27.57,7499.04,2.47,SIMULATED
2020-11-08,Google Ads,Non-Brand Search,Search,26423,1095,4.14,1.65,1806.23,24,2.19,75.26,1734.48,0.96,SIMULATED
2020-11-08,Google Ads,Shopping,Sales,30827,1561,5.06,1.35,2107.27,44,2.82,47.89,3409.22,1.62,SIMULATED
2020-11-08,Meta Ads,Prospecting,Acquisition,33029,547,1.66,1.05,574.71,7,1.28,82.1,406.97,0.71,SIMULATED
2020-11-08,Meta Ads,Retargeting,Conversion,19818,584,2.95,1.25,729.79,20,3.42,36.49,1737.4,2.38,SIMULATED
2020-11-09,Display,Remarketing,Conversion,13310,299,2.25,0.9,269.37,6,2.01,44.9,418.6,1.55,SIMULATED
2020-11-09,Google Ads,Brand Search,Search,35494,2714,7.65,1.1,2985.01,109,4.02,27.39,7382.08,2.47,SIMULATED
2020-11-09,Google Ads,Non-Brand Search,Search,26620,1077,4.05,1.65,1777.84,24,2.23,74.08,1705.97,0.96,SIMULATED
2020-11-09,Google Ads,Shopping,Sales,31057,1536,4.95,1.35,2074.14,43,2.8,48.24,3354.62,1.62,SIMULATED
2020-11-09,Meta Ads,Prospecting,Acquisition,33275,539,1.62,1.05,565.68,6,1.11,94.28,401.02,0.71,SIMULATED
2020-11-09,Meta Ads,Retargeting,Conversion,19965,575,2.88,1.25,718.32,20,3.48,35.92,1710.63,2.38,SIMULATED
2020-11-10,Display,Remarketing,Conversion,13382,295,2.2,0.9,265.09,6,2.03,44.18,413.0,1.56,SIMULATED
2020-11-10,Google Ads,Brand Search,Search,35685,2671,7.48,1.1,2937.62,107,4.01,27.45,7265.12,2.47,SIMULATED
2020-11-10,Google Ads,Non-Brand Search,Search,26764,1060,3.96,1.65,1749.61,23,2.17,76.07,1679.04,0.96,SIMULATED
2020-11-10,Google Ads,Shopping,Sales,31224,1512,4.84,1.35,2041.21,42,2.78,48.6,3302.21,1.62,SIMULATED
2020-11-10,Meta Ads,Prospecting,Acquisition,33455,530,1.58,1.05,556.69,6,1.13,92.78,394.32,0.71,SIMULATED
2020-11-10,Meta Ads,Retargeting,Conversion,20073,566,2.82,1.25,706.91,20,3.53,35.35,1683.85,2.38,SIMULATED
2020-11-11,Display,Remarketing,Conversion,13425,290,2.16,0.9,261.01,6,2.07,43.5,406.0,1.56,SIMULATED
2020-11-11,Google Ads,Brand Search,Search,35801,2629,7.34,1.1,2892.39,105,3.99,27.55,7150.88,2.47,SIMULATED
2020-11-11,Google Ads,Non-Brand Search,Search,26851,1044,3.89,1.65,1722.67,23,2.2,74.9,1653.7,0.96,SIMULATED
2020-11-11,Google Ads,Shopping,Sales,31326,1489,4.75,1.35,2009.79,42,2.82,47.85,3251.98,1.62,SIMULATED
2020-11-11,Meta Ads,Prospecting,Acquisition,33564,522,1.56,1.05,548.12,6,1.15,91.35,388.37,0.71,SIMULATED
2020-11-11,Meta Ads,Retargeting,Conversion,20138,557,2.77,1.25,696.03,19,3.41,36.63,1657.08,2.38,SIMULATED
2020-11-12,Display,Remarketing,Conversion,13440,286,2.13,0.9,257.29,6,2.1,42.88,400.4,1.56,SIMULATED
2020-11-12,Google Ads,Brand Search,Search,35840,2592,7.23,1.1,2851.14,104,4.01,27.41,7050.24,2.47,SIMULATED
2020-11-12,Google Ads,Non-Brand Search,Search,26880,1029,3.83,1.65,1698.1,23,2.24,73.83,1629.94,0.96,SIMULATED
2020-11-12,Google Ads,Shopping,Sales,31360,1467,4.68,1.35,1981.12,41,2.79,48.32,3203.93,1.62,SIMULATED
2020-11-12,Meta Ads,Prospecting,Acquisition,33600,515,1.53,1.05,540.31,6,1.17,90.05,383.16,0.71,SIMULATED
2020-11-12,Meta Ads,Retargeting,Conversion,20160,549,2.72,1.25,686.1,19,3.46,36.11,1633.28,2.38,SIMULATED
2020-11-13,Display,Remarketing,Conversion,13425,282,2.1,0.9,254.07,6,2.13,42.34,394.8,1.55,SIMULATED
2020-11-13,Google Ads,Brand Search,Search,35801,2560,7.15,1.1,2815.5,102,3.98,27.6,6963.2,2.47,SIMULATED
2020-11-13,Google Ads,Non-Brand Search,Search,26850,1016,3.78,1.65,1676.88,22,2.17,76.22,1609.34,0.96,SIMULATED
2020-11-13,Google Ads,Shopping,Sales,31325,1449,4.63,1.35,1956.36,41,2.83,47.72,3164.62,1.62,SIMULATED
2020-11-13,Meta Ads,Prospecting,Acquisition,33563,508,1.51,1.05,533.55,6,1.18,88.92,377.95,0.71,SIMULATED
2020-11-13,Meta Ads,Retargeting,Conversion,20138,542,2.69,1.25,677.53,19,3.51,35.66,1612.45,2.38,SIMULATED
2020-11-14,Display,Remarketing,Conversion,13381,279,2.09,0.9,251.49,6,2.15,41.91,390.6,1.55,SIMULATED
2020-11-14,Google Ads,Brand Search,Search,35684,2534,7.1,1.1,2786.9,101,3.99,27.59,6892.48,2.47,SIMULATED
2020-11-14,Google Ads,Non-Brand Search,Search,26763,1006,3.76,1.65,1659.84,22,2.19,75.45,1593.5,0.96,SIMULATED
2020-11-14,Google Ads,Shopping,Sales,31223,1434,4.59,1.35,1936.48,40,2.79,48.41,3131.86,1.62,SIMULATED
2020-11-14,Meta Ads,Prospecting,Acquisition,33453,503,1.5,1.05,528.13,6,1.19,88.02,374.23,0.71,SIMULATED
2020-11-14,Meta Ads,Retargeting,Conversion,20072,537,2.68,1.25,670.64,19,3.54,35.3,1597.58,2.38,SIMULATED
2020-11-15,Display,Remarketing,Conversion,13309,277,2.08,0.9,249.65,6,2.17,41.61,387.8,1.55,SIMULATED
2020-11-15,Google Ads,Brand Search,Search,35492,2515,7.09,1.1,2766.47,101,4.02,27.39,6840.8,2.47,SIMULATED
2020-11-15,Google Ads,Non-Brand Search,Search,26619,999,3.75,1.65,1647.68,22,2.2,74.89,1582.42,0.96,SIMULATED
2020-11-15,Google Ads,Shopping,Sales,31055,1424,4.59,1.35,1922.29,40,2.81,48.06,3110.02,1.62,SIMULATED
2020-11-15,Meta Ads,Prospecting,Acquisition,33273,499,1.5,1.05,524.26,6,1.2,87.38,371.26,0.71,SIMULATED
2020-11-15,Meta Ads,Retargeting,Conversion,19964,533,2.67,1.25,665.73,19,3.56,35.04,1585.68,2.38,SIMULATED
2020-11-16,Display,Remarketing,Conversion,13211,276,2.09,0.9,248.62,6,2.17,41.44,386.4,1.55,SIMULATED
2020-11-16,Google Ads,Brand Search,Search,35229,2505,7.11,1.1,2755.04,100,3.99,27.55,6813.6,2.47,SIMULATED
2020-11-16,Google Ads,Non-Brand Search,Search,26421,994,3.76,1.65,1640.87,22,2.21,74.58,1574.5,0.96,SIMULATED
2020-11-16,Google Ads,Shopping,Sales,30825,1418,4.6,1.35,1914.34,40,2.82,47.86,3096.91,1.62,SIMULATED
2020-11-16,Meta Ads,Prospecting,Acquisition,33027,497,1.5,1.05,522.09,6,1.21,87.02,369.77,0.71,SIMULATED
2020-11-16,Meta Ads,Retargeting,Conversion,19816,530,2.67,1.25,662.98,19,3.58,34.89,1576.75,2.38,SIMULATED
2020-11-17,Display,Remarketing,Conversion,13087,276,2.11,0.9,248.44,6,2.17,41.41,386.4,1.56,SIMULATED
2020-11-17,Google Ads,Brand Search,Search,34900,2503,7.17,1.1,2753.05,100,4.0,27.53,6808.16,2.47,SIMULATED
2020-11-17,Google Ads,Non-Brand Search,Search,26175,994,3.8,1.65,1639.68,22,2.21,74.53,1574.5,0.96,SIMULATED
2020-11-17,Google Ads,Shopping,Sales,30537,1417,4.64,1.35,1912.96,40,2.82,47.82,3094.73,1.62,SIMULATED
2020-11-17,Meta Ads,Prospecting,Acquisition,32719,497,1.52,1.05,521.72,6,1.21,86.95,369.77,0.71,SIMULATED
2020-11-17,Meta Ads,Retargeting,Conversion,19631,530,2.7,1.25,662.5,19,3.58,34.87,1576.75,2.38,SIMULATED
2020-11-18,Display,Remarketing,Conversion,12942,277,2.14,0.9,249.12,6,2.17,41.52,387.8,1.56,SIMULATED
2020-11-18,Google Ads,Brand Search,Search,34512,2510,7.27,1.1,2760.59,100,3.98,27.61,6827.2,2.47,SIMULATED
2020-11-18,Google Ads,Non-Brand Search,Search,25884,996,3.85,1.65,1644.17,22,2.21,74.73,1577.66,0.96,SIMULATED
2020-11-18,Google Ads,Shopping,Sales,30198,1421,4.71,1.35,1918.2,40,2.81,47.95,3103.46,1.62,SIMULATED
2020-11-18,Meta Ads,Prospecting,Acquisition,32355,498,1.54,1.05,523.15,6,1.2,87.19,370.51,0.71,SIMULATED
2020-11-18,Meta Ads,Retargeting,Conversion,19413,531,2.74,1.25,664.31,19,3.58,34.96,1579.73,2.38,SIMULATED
2020-11-19,Display,Remarketing,Conversion,12777,278,2.18,0.9,250.63,6,2.16,41.77,389.2,1.55,SIMULATED
2020-11-19,Google Ads,Brand Search,Search,34073,2525,7.41,1.1,2777.35,101,4.0,27.5,6868.0,2.47,SIMULATED
2020-11-19,Google Ads,Non-Brand Search,Search,25555,1003,3.92,1.65,1654.16,22,2.19,75.19,1588.75,0.96,SIMULATED
2020-11-19,Google Ads,Shopping,Sales,29814,1430,4.8,1.35,1929.85,40,2.8,48.25,3123.12,1.62,SIMULATED
2020-11-19,Meta Ads,Prospecting,Acquisition,31943,501,1.57,1.05,526.32,6,1.2,87.72,372.74,0.71,SIMULATED
2020-11-19,Meta Ads,Retargeting,Conversion,19166,535,2.79,1.25,668.35,19,3.55,35.18,1591.63,2.38,SIMULATED
2020-11-20,Display,Remarketing,Conversion,12597,281,2.23,0.9,252.92,6,2.14,42.15,393.4,1.56,SIMULATED
2020-11-20,Google Ads,Brand Search,Search,33591,2548,7.59,1.1,2802.67,102,4.0,27.48,6930.56,2.47,SIMULATED
2020-11-20,Google Ads,Non-Brand Search,Search,25194,1012,4.02,1.65,1669.24,22,2.17,75.87,1603.01,0.96,SIMULATED
2020-11-20,Google Ads,Shopping,Sales,29392,1443,4.91,1.35,1947.45,40,2.77,48.69,3151.51,1.62,SIMULATED
2020-11-20,Meta Ads,Prospecting,Acquisition,31492,506,1.61,1.05,531.12,6,1.19,88.52,376.46,0.71,SIMULATED
2020-11-20,Meta Ads,Retargeting,Conversion,18895,540,2.86,1.25,674.44,19,3.52,35.5,1606.5,2.38,SIMULATED
2020-11-21,Display,Remarketing,Conversion,12404,284,2.29,0.9,255.88,6,2.11,42.65,397.6,1.55,SIMULATED
2020-11-21,Google Ads,Brand Search,Search,33078,2578,7.79,1.1,2835.54,103,4.0,27.53,7012.16,2.47,SIMULATED
2020-11-21,Google Ads,Non-Brand Search,Search,24808,1024,4.13,1.65,1688.82,23,2.25,73.43,1622.02,0.96,SIMULATED
2020-11-21,Google Ads,Shopping,Sales,28943,1459,5.04,1.35,1970.29,41,2.81,48.06,3186.46,1.62,SIMULATED
2020-11-21,Meta Ads,Prospecting,Acquisition,31010,512,1.65,1.05,537.35,6,1.17,89.56,380.93,0.71,SIMULATED
2020-11-21,Meta Ads,Retargeting,Conversion,18606,546,2.93,1.25,682.35,19,3.48,35.91,1624.35,2.38,SIMULATED
2020-11-22,Display,Remarketing,Conversion,12203,288,2.36,0.9,259.41,6,2.08,43.24,403.2,1.55,SIMULATED
2020-11-22,Google Ads,Brand Search,Search,32542,2613,8.03,1.1,2874.65,105,4.02,27.38,7107.36,2.47,SIMULATED
2020-11-22,Google Ads,Non-Brand Search,Search,24406,1038,4.25,1.65,1712.11,23,2.22,74.44,1644.19,0.96,SIMULATED
2020-11-22,Google Ads,Shopping,Sales,28474,1480,5.2,1.35,1997.46,41,2.77,48.72,3232.32,1.62,SIMULATED
2020-11-22,Meta Ads,Prospecting,Acquisition,30508,519,1.7,1.05,544.76,6,1.16,90.79,386.14,0.71,SIMULATED
2020-11-22,Meta Ads,Retargeting,Conversion,18305,553,3.02,1.25,691.76,19,3.44,36.41,1645.17,2.38,SIMULATED
2020-11-23,Display,Remarketing,Conversion,11998,293,2.44,0.9,263.36,6,2.05,43.89,410.2,1.56,SIMULATED
2020-11-23,Google Ads,Brand Search,Search,31995,2653,8.29,1.1,2918.44,106,4.0,27.53,7216.16,2.47,SIMULATED
2020-11-23,Google Ads,Non-Brand Search,Search,23996,1053,4.39,1.65,1738.19,23,2.18,75.57,1667.95,0.96,SIMULATED
2020-11-23,Google Ads,Shopping,Sales,27996,1502,5.37,1.35,2027.88,42,2.8,48.28,3280.37,1.62,SIMULATED
2020-11-23,Meta Ads,Prospecting,Acquisition,29995,527,1.76,1.05,553.06,6,1.14,92.18,392.09,0.71,SIMULATED
2020-11-23,Meta Ads,Retargeting,Conversion,17997,562,3.12,1.25,702.3,20,3.56,35.11,1671.95,2.38,SIMULATED
2020-11-24,Display,Remarketing,Conversion,11793,297,2.52,0.9,267.58,6,2.02,44.6,415.8,1.55,SIMULATED
2020-11-24,Google Ads,Brand Search,Search,31448,2696,8.57,1.1,2965.16,108,4.01,27.46,7333.12,2.47,SIMULATED
2020-11-24,Google Ads,Non-Brand Search,Search,23586,1070,4.54,1.65,1766.01,24,2.24,73.58,1694.88,0.96,SIMULATED
2020-11-24,Google Ads,Shopping,Sales,27517,1526,5.55,1.35,2060.35,43,2.82,47.92,3332.78,1.62,SIMULATED
2020-11-24,Meta Ads,Prospecting,Acquisition,29483,535,1.81,1.05,561.91,6,1.12,93.65,398.04,0.71,SIMULATED
2020-11-24,Meta Ads,Retargeting,Conversion,17690,571,3.23,1.25,713.54,20,3.5,35.68,1698.73,2.38,SIMULATED
2020-11-25,Display,Remarketing,Conversion,11592,302,2.61,0.9,271.89,6,1.99,45.31,422.8,1.56,SIMULATED
2020-11-25,Google Ads,Brand Search,Search,30913,2739,8.86,1.1,3012.94,110,4.02,27.39,7450.08,2.47,SIMULATED
2020-11-25,Google Ads,Non-Brand Search,Search,23185,1088,4.69,1.65,1794.47,24,2.21,74.77,1723.39,0.96,SIMULATED
2020-11-25,Google Ads,Shopping,Sales,27049,1551,5.73,1.35,2093.55,43,2.77,48.69,3387.38,1.62,SIMULATED
2020-11-25,Meta Ads,Prospecting,Acquisition,28981,544,1.88,1.05,570.97,7,1.29,81.57,404.74,0.71,SIMULATED
2020-11-25,Meta Ads,Retargeting,Conversion,17389,580,3.34,1.25,725.04,20,3.45,36.25,1725.5,2.38,SIMULATED
2020-11-26,Display,Remarketing,Conversion,11400,307,2.69,0.9,276.13,6,1.95,46.02,429.8,1.56,SIMULATED
2020-11-26,Google Ads,Brand Search,Search,30400,2782,9.15,1.1,3059.9,111,3.99,27.57,7567.04,2.47,SIMULATED
2020-11-26,Google Ads,Non-Brand Search,Search,22800,1105,4.85,1.65,1822.44,24,2.17,75.94,1750.32,0.96,SIMULATED
2020-11-26,Google Ads,Shopping,Sales,26600,1575,5.92,1.35,2126.18,44,2.79,48.32,3439.8,1.62,SIMULATED
2020-11-26,Meta Ads,Prospecting,Acquisition,28500,552,1.94,1.05,579.87,7,1.27,82.84,410.69,0.71,SIMULATED
2020-11-26,Meta Ads,Retargeting,Conversion,17100,589,3.44,1.25,736.34,21,3.57,35.06,1752.28,2.38,SIMULATED
2020-11-27,Display,Remarketing,Conversion,11220,311,2.77,0.9,280.12,6,1.93,46.69,435.4,1.55,SIMULATED
2020-11-27,Google Ads,Brand Search,Search,29919,2822,9.43,1.1,3104.14,113,4.0,27.47,7675.84,2.47,SIMULATED
2020-11-27,Google Ads,Non-Brand Search,Search,22439,1120,4.99,1.65,1848.79,25,2.23,73.95,1774.08,0.96,SIMULATED
2020-11-27,Google Ads,Shopping,Sales,26179,1598,6.1,1.35,2156.92,45,2.82,47.93,3490.03,1.62,SIMULATED
2020-11-27,Meta Ads,Prospecting,Acquisition,28049,560,2.0,1.05,588.25,7,1.25,84.04,416.64,0.71,SIMULATED
2020-11-27,Meta Ads,Retargeting,Conversion,16830,598,3.55,1.25,746.99,21,3.51,35.57,1779.05,2.38,SIMULATED
2020-11-28,Display,Remarketing,Conversion,11055,315,2.85,0.9,283.71,6,1.9,47.28,441.0,1.55,SIMULATED
2020-11-28,Google Ads,Brand Search,Search,29481,2858,9.69,1.1,3143.92,114,3.99,27.58,7773.76,2.47,SIMULATED
2020-11-28,Google Ads,Non-Brand Search,Search,22111,1135,5.13,1.65,1872.48,25,2.2,74.9,1797.84,0.96,SIMULATED
2020-11-28,Google Ads,Shopping,Sales,25796,1618,6.27,1.35,2184.56,45,2.78,48.55,3533.71,1.62,SIMULATED
2020-11-28,Meta Ads,Prospecting,Acquisition,27638,567,2.05,1.05,595.79,7,1.23,85.11,421.85,0.71,SIMULATED
2020-11-28,Meta Ads,Retargeting,Conversion,16583,605,3.65,1.25,756.56,21,3.47,36.03,1799.88,2.38,SIMULATED
2020-11-29,Display,Remarketing,Conversion,10910,319,2.92,0.9,286.75,6,1.88,47.79,446.6,1.56,SIMULATED
2020-11-29,Google Ads,Brand Search,Search,29094,2889,9.93,1.1,3177.64,116,4.02,27.39,7858.08,2.47,SIMULATED
2020-11-29,Google Ads,Non-Brand Search,Search,21820,1147,5.26,1.65,1892.56,25,2.18,75.7,1816.85,0.96,SIMULATED
2020-11-29,Google Ads,Shopping,Sales,25457,1636,6.43,1.35,2207.99,46,2.81,48.0,3573.02,1.62,SIMULATED
2020-11-29,Meta Ads,Prospecting,Acquisition,27276,574,2.1,1.05,602.18,7,1.22,86.03,427.06,0.71,SIMULATED
2020-11-29,Meta Ads,Retargeting,Conversion,16365,612,3.74,1.25,764.67,21,3.43,36.41,1820.7,2.38,SIMULATED
2020-11-30,Display,Remarketing,Conversion,10787,321,2.98,0.9,289.13,6,1.87,48.19,449.4,1.55,SIMULATED
2020-11-30,Google Ads,Brand Search,Search,28766,2913,10.13,1.1,3203.96,117,4.02,27.38,7923.36,2.47,SIMULATED
2020-11-30,Google Ads,Non-Brand Search,Search,21575,1157,5.36,1.65,1908.24,25,2.16,76.33,1832.69,0.96,SIMULATED
2020-11-30,Google Ads,Shopping,Sales,25170,1649,6.55,1.35,2226.28,46,2.79,48.4,3601.42,1.62,SIMULATED
2020-11-30,Meta Ads,Prospecting,Acquisition,26968,578,2.14,1.05,607.17,7,1.21,86.74,430.03,0.71,SIMULATED
2020-11-30,Meta Ads,Retargeting,Conversion,16181,617,3.81,1.25,771.01,22,3.57,35.05,1835.58,2.38,SIMULATED
2020-12-01,Display,Remarketing,Conversion,10689,323,3.02,0.9,290.74,6,1.86,48.46,452.2,1.56,SIMULATED
2020-12-01,Google Ads,Brand Search,Search,28504,2929,10.28,1.1,3221.83,117,3.99,27.54,7966.88,2.47,SIMULATED
2020-12-01,Google Ads,Non-Brand Search,Search,21378,1163,5.44,1.65,1918.88,26,2.24,73.8,1842.19,0.96,SIMULATED
2020-12-01,Google Ads,Shopping,Sales,24941,1658,6.65,1.35,2238.7,46,2.77,48.67,3621.07,1.62,SIMULATED
2020-12-01,Meta Ads,Prospecting,Acquisition,26723,581,2.17,1.05,610.55,7,1.2,87.22,432.26,0.71,SIMULATED
2020-12-01,Meta Ads,Retargeting,Conversion,16034,620,3.87,1.25,775.31,22,3.55,35.24,1844.5,2.38,SIMULATED
2020-12-02,Display,Remarketing,Conversion,10618,324,3.05,0.9,291.53,6,1.85,48.59,453.6,1.56,SIMULATED
2020-12-02,Google Ads,Brand Search,Search,28314,2937,10.37,1.1,3230.53,117,3.98,27.61,7988.64,2.47,SIMULATED
2020-12-02,Google Ads,Non-Brand Search,Search,21235,1166,5.49,1.65,1924.07,26,2.23,74.0,1846.94,0.96,SIMULATED
2020-12-02,Google Ads,Shopping,Sales,24774,1663,6.71,1.35,2244.74,47,2.83,47.76,3631.99,1.62,SIMULATED
2020-12-02,Meta Ads,Prospecting,Acquisition,26544,583,2.2,1.05,612.2,7,1.2,87.46,433.75,0.71,SIMULATED
2020-12-02,Meta Ads,Retargeting,Conversion,15926,622,3.91,1.25,777.4,22,3.54,35.34,1850.45,2.38,SIMULATED
2020-12-03,Display,Remarketing,Conversion,10574,324,3.06,0.9,291.45,6,1.85,48.57,453.6,1.56,SIMULATED
2020-12-03,Google Ads,Brand Search,Search,28198,2936,10.41,1.1,3229.73,117,3.99,27.6,7985.92,2.47,SIMULATED
2020-12-03,Google Ads,Non-Brand Search,Search,21149,1166,5.51,1.65,1923.59,26,2.23,73.98,1846.94,0.96,SIMULATED
2020-12-03,Google Ads,Shopping,Sales,24673,1662,6.74,1.35,2244.19,47,2.83,47.75,3629.81,1.62,SIMULATED
2020-12-03,Meta Ads,Prospecting,Acquisition,26436,583,2.21,1.05,612.05,7,1.2,87.44,433.75,0.71,SIMULATED
2020-12-03,Meta Ads,Retargeting,Conversion,15861,622,3.92,1.25,777.21,22,3.54,35.33,1850.45,2.38,SIMULATED
2020-12-04,Display,Remarketing,Conversion,10560,323,3.06,0.9,290.53,6,1.86,48.42,452.2,1.56,SIMULATED
2020-12-04,Google Ads,Brand Search,Search,28160,2927,10.39,1.1,3219.45,117,4.0,27.52,7961.44,2.47,SIMULATED
2020-12-04,Google Ads,Non-Brand Search,Search,21120,1162,5.5,1.65,1917.47,26,2.24,73.75,1840.61,0.96,SIMULATED
2020-12-04,Google Ads,Shopping,Sales,24640,1657,6.72,1.35,2237.04,46,2.78,48.63,3618.89,1.62,SIMULATED
2020-12-04,Meta Ads,Prospecting,Acquisition,26400,581,2.2,1.05,610.1,7,1.2,87.16,432.26,0.71,SIMULATED
2020-12-04,Meta Ads,Retargeting,Conversion,15840,620,3.91,1.25,774.73,22,3.55,35.22,1844.5,2.38,SIMULATED
2020-12-05,Display,Remarketing,Conversion,10575,321,3.04,0.9,288.78,6,1.87,48.13,449.4,1.56,SIMULATED
2020-12-05,Google Ads,Brand Search,Search,28200,2909,10.32,1.1,3200.1,116,3.99,27.59,7912.48,2.47,SIMULATED
2020-12-05,Google Ads,Non-Brand Search,Search,21150,1155,5.46,1.65,1905.94,25,2.16,76.24,1829.52,0.96,SIMULATED
2020-12-05,Google Ads,Shopping,Sales,24675,1647,6.67,1.35,2223.6,46,2.79,48.34,3597.05,1.62,SIMULATED
2020-12-05,Meta Ads,Prospecting,Acquisition,26438,578,2.19,1.05,606.44,7,1.21,86.63,430.03,0.71,SIMULATED
2020-12-05,Meta Ads,Retargeting,Conversion,15863,616,3.88,1.25,770.08,22,3.57,35.0,1832.6,2.38,SIMULATED
2020-12-06,Display,Remarketing,Conversion,10619,318,2.99,0.9,286.28,6,1.89,47.71,445.2,1.56,SIMULATED
2020-12-06,Google Ads,Brand Search,Search,28318,2884,10.18,1.1,3172.45,115,3.99,27.59,7844.48,2.47,SIMULATED
2020-12-06,Google Ads,Non-Brand Search,Search,21238,1145,5.39,1.65,1889.48,25,2.18,75.58,1813.68,0.96,SIMULATED
2020-12-06,Google Ads,Shopping,Sales,24778,1633,6.59,1.35,2204.39,46,2.82,47.92,3566.47,1.62,SIMULATED
2020-12-06,Meta Ads,Prospecting,Acquisition,26548,573,2.16,1.05,601.2,7,1.22,85.89,426.31,0.71,SIMULATED
2020-12-06,Meta Ads,Retargeting,Conversion,15929,611,3.84,1.25,763.42,21,3.44,36.35,1817.73,2.38,SIMULATED
2020-12-07,Display,Remarketing,Conversion,10691,315,2.95,0.9,283.14,6,1.9,47.19,441.0,1.56,SIMULATED
2020-12-07,Google Ads,Brand Search,Search,28510,2852,10.0,1.1,3137.61,114,4.0,27.52,7757.44,2.47,SIMULATED
2020-12-07,Google Ads,Non-Brand Search,Search,21383,1133,5.3,1.65,1868.73,25,2.21,74.75,1794.67,0.96,SIMULATED
2020-12-07,Google Ads,Shopping,Sales,24947,1615,6.47,1.35,2180.18,45,2.79,48.45,3527.16,1.62,SIMULATED
2020-12-07,Meta Ads,Prospecting,Acquisition,26728,566,2.12,1.05,594.59,7,1.24,84.94,421.1,0.71,SIMULATED
2020-12-07,Meta Ads,Retargeting,Conversion,16037,604,3.77,1.25,755.04,21,3.48,35.95,1796.9,2.38,SIMULATED
2020-12-08,Display,Remarketing,Conversion,10790,311,2.88,0.9,279.47,6,1.93,46.58,435.4,1.56,SIMULATED
2020-12-08,Google Ads,Brand Search,Search,28774,2815,9.78,1.1,3096.97,113,4.01,27.41,7656.8,2.47,SIMULATED
2020-12-08,Google Ads,Non-Brand Search,Search,21581,1118,5.18,1.65,1844.52,25,2.24,73.78,1770.91,0.96,SIMULATED
2020-12-08,Google Ads,Shopping,Sales,25177,1594,6.33,1.35,2151.94,45,2.82,47.82,3481.3,1.62,SIMULATED
2020-12-08,Meta Ads,Prospecting,Acquisition,26976,559,2.07,1.05,586.89,7,1.25,83.84,415.9,0.71,SIMULATED
2020-12-08,Meta Ads,Retargeting,Conversion,16185,596,3.68,1.25,745.26,21,3.52,35.49,1773.1,2.38,SIMULATED
2020-12-09,Display,Remarketing,Conversion,10914,306,2.8,0.9,275.43,6,1.96,45.91,428.4,1.56,SIMULATED
2020-12-09,Google Ads,Brand Search,Search,29103,2775,9.54,1.1,3052.14,111,4.0,27.5,7548.0,2.47,SIMULATED
2020-12-09,Google Ads,Non-Brand Search,Search,21828,1102,5.05,1.65,1817.82,24,2.18,75.74,1745.57,0.96,SIMULATED
2020-12-09,Google Ads,Shopping,Sales,25465,1571,6.17,1.35,2120.79,44,2.8,48.2,3431.06,1.62,SIMULATED
2020-12-09,Meta Ads,Prospecting,Acquisition,27284,551,2.02,1.05,578.4,7,1.27,82.63,409.94,0.71,SIMULATED
2020-12-09,Meta Ads,Retargeting,Conversion,16371,588,3.59,1.25,734.47,21,3.57,34.97,1749.3,2.38,SIMULATED
2020-12-10,Display,Remarketing,Conversion,11059,301,2.72,0.9,271.17,6,1.99,45.2,421.4,1.55,SIMULATED
2020-12-10,Google Ads,Brand Search,Search,29492,2732,9.26,1.1,3004.91,109,3.99,27.57,7431.04,2.47,SIMULATED
2020-12-10,Google Ads,Non-Brand Search,Search,22119,1085,4.91,1.65,1789.69,24,2.21,74.57,1718.64,0.96,SIMULATED
2020-12-10,Google Ads,Shopping,Sales,25805,1547,5.99,1.35,2087.97,43,2.78,48.56,3378.65,1.62,SIMULATED
2020-12-10,Meta Ads,Prospecting,Acquisition,27649,542,1.96,1.05,569.45,7,1.29,81.35,403.25,0.71,SIMULATED
2020-12-10,Meta Ads,Retargeting,Conversion,16589,578,3.48,1.25,723.11,20,3.46,36.16,1719.55,2.38,SIMULATED
2020-12-11,Display,Remarketing,Conversion,11224,297,2.65,0.9,266.86,6,2.02,44.48,415.8,1.56,SIMULATED
2020-12-11,Google Ads,Brand Search,Search,29931,2688,8.98,1.1,2957.17,108,4.02,27.38,7311.36,2.47,SIMULATED
2020-12-11,Google Ads,Non-Brand Search,Search,22449,1067,4.75,1.65,1761.26,23,2.16,76.58,1690.13,0.96,SIMULATED
2020-12-11,Google Ads,Shopping,Sales,26190,1522,5.81,1.35,2054.8,43,2.83,47.79,3324.05,1.62,SIMULATED
2020-12-11,Meta Ads,Prospecting,Acquisition,28061,534,1.9,1.05,560.4,6,1.12,93.4,397.3,0.71,SIMULATED
2020-12-11,Meta Ads,Retargeting,Conversion,16836,569,3.38,1.25,711.62,20,3.51,35.58,1692.78,2.38,SIMULATED
2020-12-12,Display,Remarketing,Conversion,11405,292,2.56,0.9,262.67,6,2.05,43.78,408.8,1.56,SIMULATED
2020-12-12,Google Ads,Brand Search,Search,30413,2646,8.7,1.1,2910.82,106,4.01,27.46,7197.12,2.47,SIMULATED
2020-12-12,Google Ads,Non-Brand Search,Search,22810,1051,4.61,1.65,1733.65,23,2.19,75.38,1664.78,0.96,SIMULATED
2020-12-12,Google Ads,Shopping,Sales,26611,1498,5.63,1.35,2022.59,42,2.8,48.16,3271.63,1.62,SIMULATED
2020-12-12,Meta Ads,Prospecting,Acquisition,28512,525,1.84,1.05,551.62,6,1.14,91.94,390.6,0.71,SIMULATED
2020-12-12,Meta Ads,Retargeting,Conversion,17107,560,3.27,1.25,700.46,20,3.57,35.02,1666.0,2.38,SIMULATED
2020-12-13,Display,Remarketing,Conversion,11598,288,2.48,0.9,258.78,6,2.08,43.13,403.2,1.56,SIMULATED
2020-12-13,Google Ads,Brand Search,Search,30927,2607,8.43,1.1,2867.7,104,3.99,27.57,7091.04,2.47,SIMULATED
2020-12-13,Google Ads,Non-Brand Search,Search,23195,1035,4.46,1.65,1707.97,23,2.22,74.26,1639.44,0.96,SIMULATED
2020-12-13,Google Ads,Shopping,Sales,27061,1476,5.45,1.35,1992.63,41,2.78,48.6,3223.58,1.62,SIMULATED
2020-12-13,Meta Ads,Prospecting,Acquisition,28994,518,1.79,1.05,543.45,6,1.16,90.58,385.39,0.71,SIMULATED
2020-12-13,Meta Ads,Retargeting,Conversion,17396,552,3.17,1.25,690.09,19,3.44,36.32,1642.2,2.38,SIMULATED
2020-12-14,Display,Remarketing,Conversion,11799,284,2.41,0.9,255.34,6,2.11,42.56,397.6,1.56,SIMULATED
2020-12-14,Google Ads,Brand Search,Search,31463,2572,8.17,1.1,2829.54,103,4.0,27.47,6995.84,2.47,SIMULATED
2020-12-14,Google Ads,Non-Brand Search,Search,23597,1021,4.33,1.65,1685.24,22,2.15,76.6,1617.26,0.96,SIMULATED
2020-12-14,Google Ads,Shopping,Sales,27530,1456,5.29,1.35,1966.12,41,2.82,47.95,3179.9,1.62,SIMULATED
2020-12-14,Meta Ads,Prospecting,Acquisition,29496,511,1.73,1.05,536.21,6,1.17,89.37,380.18,0.71,SIMULATED
2020-12-14,Meta Ads,Retargeting,Conversion,17698,545,3.08,1.25,680.91,19,3.49,35.84,1621.38,2.38,SIMULATED
2020-12-15,Display,Remarketing,Conversion,12004,281,2.34,0.9,252.48,6,2.14,42.08,393.4,1.56,SIMULATED
2020-12-15,Google Ads,Brand Search,Search,32010,2544,7.95,1.1,2797.86,102,4.01,27.43,6919.68,2.47,SIMULATED
2020-12-15,Google Ads,Non-Brand Search,Search,24007,1010,4.21,1.65,1666.37,22,2.18,75.74,1599.84,0.96,SIMULATED
2020-12-15,Google Ads,Shopping,Sales,28008,1440,5.14,1.35,1944.1,40,2.78,48.6,3144.96,1.62,SIMULATED
2020-12-15,Meta Ads,Prospecting,Acquisition,30009,505,1.68,1.05,530.21,6,1.19,88.37,375.72,0.71,SIMULATED
2020-12-15,Meta Ads,Retargeting,Conversion,18005,539,2.99,1.25,673.28,19,3.53,35.44,1603.53,2.38,SIMULATED
2020-12-16,Display,Remarketing,Conversion,12209,278,2.28,0.9,250.32,6,2.16,41.72,389.2,1.55,SIMULATED
2020-12-16,Google Ads,Brand Search,Search,32556,2522,7.75,1.1,2773.91,101,4.0,27.46,6859.84,2.47,SIMULATED
2020-12-16,Google Ads,Non-Brand Search,Search,24417,1001,4.1,1.65,1652.11,22,2.2,75.1,1585.58,0.96,SIMULATED
2020-12-16,Google Ads,Shopping,Sales,28487,1428,5.01,1.35,1927.46,40,2.8,48.19,3118.75,1.62,SIMULATED
2020-12-16,Meta Ads,Prospecting,Acquisition,30522,501,1.64,1.05,525.67,6,1.2,87.61,372.74,0.71,SIMULATED
2020-12-16,Meta Ads,Retargeting,Conversion,18313,534,2.92,1.25,667.52,19,3.56,35.13,1588.65,2.38,SIMULATED
2020-12-17,Display,Remarketing,Conversion,12409,277,2.23,0.9,248.94,6,2.17,41.49,387.8,1.56,SIMULATED
2020-12-17,Google Ads,Brand Search,Search,33092,2508,7.58,1.1,2758.66,100,3.99,27.59,6821.76,2.47,SIMULATED
2020-12-17,Google Ads,Non-Brand Search,Search,24819,996,4.01,1.65,1643.03,22,2.21,74.68,1577.66,0.96,SIMULATED
2020-12-17,Google Ads,Shopping,Sales,28955,1420,4.9,1.35,1916.86,40,2.82,47.92,3101.28,1.62,SIMULATED
2020-12-17,Meta Ads,Prospecting,Acquisition,31023,498,1.61,1.05,522.78,6,1.2,87.13,370.51,0.71,SIMULATED
2020-12-17,Meta Ads,Retargeting,Conversion,18614,531,2.85,1.25,663.85,19,3.58,34.94,1579.73,2.38,SIMULATED
2020-12-18,Display,Remarketing,Conversion,12602,276,2.19,0.9,248.41,6,2.17,41.4,386.4,1.56,SIMULATED
2020-12-18,Google Ads,Brand Search,Search,33605,2502,7.45,1.1,2752.71,100,4.0,27.53,6805.44,2.47,SIMULATED
2020-12-18,Google Ads,Non-Brand Search,Search,25203,994,3.94,1.65,1639.48,22,2.21,74.52,1574.5,0.96,SIMULATED
2020-12-18,Google Ads,Shopping,Sales,29404,1417,4.82,1.35,1912.73,40,2.82,47.82,3094.73,1.62,SIMULATED
2020-12-18,Meta Ads,Prospecting,Acquisition,31504,497,1.58,1.05,521.65,6,1.21,86.94,369.77,0.71,SIMULATED
2020-12-18,Meta Ads,Retargeting,Conversion,18903,530,2.8,1.25,662.42,19,3.58,34.86,1576.75,2.38,SIMULATED
2020-12-19,Display,Remarketing,Conversion,12782,276,2.16,0.9,248.73,6,2.17,41.45,386.4,1.55,SIMULATED
2020-12-19,Google Ads,Brand Search,Search,34085,2506,7.35,1.1,2756.31,100,3.99,27.56,6816.32,2.47,SIMULATED
2020-12-19,Google Ads,Non-Brand Search,Search,25564,995,3.89,1.65,1641.62,22,2.21,74.62,1576.08,0.96,SIMULATED
2020-12-19,Google Ads,Shopping,Sales,29824,1419,4.76,1.35,1915.23,40,2.82,47.88,3099.1,1.62,SIMULATED
2020-12-19,Meta Ads,Prospecting,Acquisition,31955,497,1.56,1.05,522.33,6,1.21,87.06,369.77,0.71,SIMULATED
2020-12-19,Meta Ads,Retargeting,Conversion,19173,531,2.77,1.25,663.28,19,3.58,34.91,1579.73,2.38,SIMULATED
2020-12-20,Display,Remarketing,Conversion,12946,278,2.15,0.9,249.9,6,2.16,41.65,389.2,1.56,SIMULATED
2020-12-20,Google Ads,Brand Search,Search,34523,2518,7.29,1.1,2769.29,101,4.01,27.42,6848.96,2.47,SIMULATED
2020-12-20,Google Ads,Non-Brand Search,Search,25892,1000,3.86,1.65,1649.36,22,2.2,74.97,1584.0,0.96,SIMULATED
2020-12-20,Google Ads,Shopping,Sales,30207,1425,4.72,1.35,1924.25,40,2.81,48.11,3112.2,1.62,SIMULATED
2020-12-20,Meta Ads,Prospecting,Acquisition,32365,500,1.54,1.05,524.8,6,1.2,87.47,372.0,0.71,SIMULATED
2020-12-20,Meta Ads,Retargeting,Conversion,19419,533,2.74,1.25,666.41,19,3.56,35.07,1585.68,2.38,SIMULATED
2020-12-21,Display,Remarketing,Conversion,13091,280,2.14,0.9,251.88,6,2.14,41.98,392.0,1.56,SIMULATED
2020-12-21,Google Ads,Brand Search,Search,34909,2537,7.27,1.1,2791.16,101,3.98,27.64,6900.64,2.47,SIMULATED
2020-12-21,Google Ads,Non-Brand Search,Search,26182,1008,3.85,1.65,1662.38,22,2.18,75.56,1596.67,0.96,SIMULATED
2020-12-21,Google Ads,Shopping,Sales,30546,1437,4.7,1.35,1939.45,40,2.78,48.49,3138.41,1.62,SIMULATED
2020-12-21,Meta Ads,Prospecting,Acquisition,32727,504,1.54,1.05,528.94,6,1.19,88.16,374.98,0.71,SIMULATED
2020-12-21,Meta Ads,Retargeting,Conversion,19636,537,2.73,1.25,671.67,19,3.54,35.35,1597.58,2.38,SIMULATED
2020-12-22,Display,Remarketing,Conversion,13214,283,2.14,0.9,254.57,6,2.12,42.43,396.2,1.56,SIMULATED
2020-12-22,Google Ads,Brand Search,Search,35236,2565,7.28,1.1,2821.03,103,4.02,27.39,6976.8,2.47,SIMULATED
2020-12-22,Google Ads,Non-Brand Search,Search,26427,1018,3.85,1.65,1680.17,22,2.16,76.37,1612.51,0.96,SIMULATED
2020-12-22,Google Ads,Shopping,Sales,30832,1452,4.71,1.35,1960.2,41,2.82,47.81,3171.17,1.62,SIMULATED
2020-12-22,Meta Ads,Prospecting,Acquisition,33034,509,1.54,1.05,534.6,6,1.18,89.1,378.7,0.71,SIMULATED
2020-12-22,Meta Ads,Retargeting,Conversion,19821,543,2.74,1.25,678.86,19,3.5,35.73,1615.43,2.38,SIMULATED
2020-12-23,Display,Remarketing,Conversion,13312,287,2.16,0.9,257.88,6,2.09,42.98,401.8,1.56,SIMULATED
2020-12-23,Google Ads,Brand Search,Search,35498,2598,7.32,1.1,2857.72,104,4.0,27.48,7066.56,2.47,SIMULATED
2020-12-23,Google Ads,Non-Brand Search,Search,26623,1032,3.88,1.65,1702.03,23,2.23,74.0,1634.69,0.96,SIMULATED
2020-12-23,Google Ads,Shopping,Sales,31061,1471,4.74,1.35,1985.7,41,2.79,48.43,3212.66,1.62,SIMULATED
2020-12-23,Meta Ads,Prospecting,Acquisition,33279,516,1.55,1.05,541.55,6,1.16,90.26,383.9,0.71,SIMULATED
2020-12-23,Meta Ads,Retargeting,Conversion,19967,550,2.75,1.25,687.69,19,3.45,36.19,1636.25,2.38,SIMULATED
2020-12-24,Display,Remarketing,Conversion,13383,291,2.17,0.9,261.68,6,2.06,43.61,407.4,1.56,SIMULATED
2020-12-24,Google Ads,Brand Search,Search,35688,2636,7.39,1.1,2899.77,105,3.98,27.62,7169.92,2.47,SIMULATED
2020-12-24,Google Ads,Non-Brand Search,Search,26766,1047,3.91,1.65,1727.07,23,2.2,75.09,1658.45,0.96,SIMULATED
2020-12-24,Google Ads,Shopping,Sales,31227,1493,4.78,1.35,2014.91,42,2.81,47.97,3260.71,1.62,SIMULATED
2020-12-24,Meta Ads,Prospecting,Acquisition,33457,523,1.56,1.05,549.52,6,1.15,91.59,389.11,0.71,SIMULATED
2020-12-24,Meta Ads,Retargeting,Conversion,20074,558,2.78,1.25,697.8,20,3.58,34.89,1660.05,2.38,SIMULATED
2020-12-25,Display,Remarketing,Conversion,13426,295,2.2,0.9,265.8,6,2.03,44.3,413.0,1.55,SIMULATED
2020-12-25,Google Ads,Brand Search,Search,35803,2678,7.48,1.1,2945.49,107,4.0,27.53,7284.16,2.47,SIMULATED
2020-12-25,Google Ads,Non-Brand Search,Search,26852,1063,3.96,1.65,1754.3,23,2.16,76.27,1683.79,0.96,SIMULATED
2020-12-25,Google Ads,Shopping,Sales,31327,1516,4.84,1.35,2046.68,42,2.77,48.73,3310.94,1.62,SIMULATED
2020-12-25,Meta Ads,Prospecting,Acquisition,33565,532,1.58,1.05,558.19,6,1.13,93.03,395.81,0.71,SIMULATED
2020-12-25,Meta Ads,Retargeting,Conversion,20139,567,2.82,1.25,708.81,20,3.53,35.44,1686.83,2.38,SIMULATED
2020-12-26,Display,Remarketing,Conversion,13440,300,2.23,0.9,270.1,6,2.0,45.02,420.0,1.55,SIMULATED
2020-12-26,Google Ads,Brand Search,Search,35840,2721,7.59,1.1,2993.06,109,4.01,27.46,7401.12,2.47,SIMULATED
2020-12-26,Google Ads,Non-Brand Search,Search,26880,1080,4.02,1.65,1782.63,24,2.22,74.28,1710.72,0.96,SIMULATED
2020-12-26,Google Ads,Shopping,Sales,31360,1541,4.91,1.35,2079.74,43,2.79,48.37,3365.54,1.62,SIMULATED
2020-12-26,Meta Ads,Prospecting,Acquisition,33600,540,1.61,1.05,567.2,6,1.11,94.53,401.76,0.71,SIMULATED
2020-12-26,Meta Ads,Retargeting,Conversion,20160,576,2.86,1.25,720.25,20,3.47,36.01,1713.6,2.38,SIMULATED
2020-12-27,Display,Remarketing,Conversion,13425,305,2.27,0.9,274.38,6,1.97,45.73,427.0,1.56,SIMULATED
2020-12-27,Google Ads,Brand Search,Search,35799,2764,7.72,1.1,3040.59,111,4.02,27.39,7518.08,2.47,SIMULATED
2020-12-27,Google Ads,Non-Brand Search,Search,26849,1098,4.09,1.65,1810.94,24,2.19,75.46,1739.23,0.96,SIMULATED
2020-12-27,Google Ads,Shopping,Sales,31324,1565,5.0,1.35,2112.76,44,2.81,48.02,3417.96,1.62,SIMULATED
2020-12-27,Meta Ads,Prospecting,Acquisition,33562,549,1.64,1.05,576.21,7,1.28,82.32,408.46,0.71,SIMULATED
2020-12-27,Meta Ads,Retargeting,Conversion,20137,585,2.91,1.25,731.69,20,3.42,36.58,1740.38,2.38,SIMULATED
2020-12-28,Display,Remarketing,Conversion,13380,309,2.31,0.9,278.5,6,1.94,46.42,432.6,1.55,SIMULATED
2020-12-28,Google Ads,Brand Search,Search,35681,2806,7.86,1.1,3086.19,112,3.99,27.56,7632.32,2.47,SIMULATED
2020-12-28,Google Ads,Non-Brand Search,Search,26761,1114,4.16,1.65,1838.1,25,2.24,73.52,1764.58,0.96,SIMULATED
2020-12-28,Google Ads,Shopping,Sales,31221,1588,5.09,1.35,2144.45,44,2.77,48.74,3468.19,1.62,SIMULATED
2020-12-28,Meta Ads,Prospecting,Acquisition,33451,557,1.67,1.05,584.85,7,1.26,83.55,414.41,0.71,SIMULATED
2020-12-28,Meta Ads,Retargeting,Conversion,20071,594,2.96,1.25,742.67,21,3.54,35.37,1767.15,2.38,SIMULATED
2020-12-29,Display,Remarketing,Conversion,13308,314,2.36,0.9,282.28,6,1.91,47.05,439.6,1.56,SIMULATED
2020-12-29,Google Ads,Brand Search,Search,35488,2844,8.01,1.1,3128.03,114,4.01,27.44,7735.68,2.47,SIMULATED
2020-12-29,Google Ads,Non-Brand Search,Search,26616,1129,4.24,1.65,1863.02,25,2.21,74.52,1788.34,0.96,SIMULATED
2020-12-29,Google Ads,Shopping,Sales,31052,1610,5.18,1.35,2173.52,45,2.8,48.3,3516.24,1.62,SIMULATED
2020-12-29,Meta Ads,Prospecting,Acquisition,33270,565,1.7,1.05,592.78,7,1.24,84.68,420.36,0.71,SIMULATED
2020-12-29,Meta Ads,Retargeting,Conversion,19962,602,3.02,1.25,752.73,21,3.49,35.84,1790.95,2.38,SIMULATED
2020-12-30,Display,Remarketing,Conversion,13209,317,2.4,0.9,285.56,6,1.89,47.59,443.8,1.55,SIMULATED
2020-12-30,Google Ads,Brand Search,Search,35223,2877,8.17,1.1,3164.44,115,4.0,27.52,7825.44,2.47,SIMULATED
2020-12-30,Google Ads,Non-Brand Search,Search,26418,1142,4.32,1.65,1884.7,25,2.19,75.39,1808.93,0.96,SIMULATED
2020-12-30,Google Ads,Shopping,Sales,30820,1629,5.29,1.35,2198.82,46,2.82,47.8,3557.74,1.62,SIMULATED
2020-12-30,Meta Ads,Prospecting,Acquisition,33022,571,1.73,1.05,599.68,7,1.23,85.67,424.82,0.71,SIMULATED
2020-12-30,Meta Ads,Retargeting,Conversion,19813,609,3.07,1.25,761.5,21,3.45,36.26,1811.78,2.38,SIMULATED
2020-12-31,Display,Remarketing,Conversion,13085,320,2.45,0.9,288.23,6,1.88,48.04,448.0,1.55,SIMULATED
2020-12-31,Google Ads,Brand Search,Search,34893,2904,8.32,1.1,3193.98,116,3.99,27.53,7898.88,2.47,SIMULATED
2020-12-31,Google Ads,Non-Brand Search,Search,26170,1153,4.41,1.65,1902.3,25,2.17,76.09,1826.35,0.96,SIMULATED
2020-12-31,Google Ads,Shopping,Sales,30532,1644,5.38,1.35,2219.35,46,2.8,48.25,3590.5,1.62,SIMULATED
2020-12-31,Meta Ads,Prospecting,Acquisition,32713,576,1.76,1.05,605.28,7,1.22,86.47,428.54,0.71,SIMULATED
2020-12-31,Meta Ads,Retargeting,Conversion,19628,615,3.13,1.25,768.61,22,3.58,34.94,1829.63,2.38,SIMULATED
2021-01-01,Display,Remarketing,Conversion,12939,322,2.49,0.9,290.17,6,1.86,48.36,450.8,1.55,SIMULATED
2021-01-01,Google Ads,Brand Search,Search,34504,2923,8.47,1.1,3215.47,117,4.0,27.48,7950.56,2.47,SIMULATED
2021-01-01,Google Ads,Non-Brand Search,Search,25878,1161,4.49,1.65,1915.1,26,2.24,73.66,1839.02,0.96,SIMULATED
2021-01-01,Google Ads,Shopping,Sales,30191,1655,5.48,1.35,2234.28,46,2.78,48.57,3614.52,1.62,SIMULATED
2021-01-01,Meta Ads,Prospecting,Acquisition,32348,580,1.79,1.05,609.35,7,1.21,87.05,431.52,0.71,SIMULATED
2021-01-01,Meta Ads,Retargeting,Conversion,19409,619,3.19,1.25,773.78,22,3.55,35.17,1841.53,2.38,SIMULATED
2021-01-02,Display,Remarketing,Conversion,12774,324,2.54,0.9,291.3,6,1.85,48.55,453.6,1.56,SIMULATED
2021-01-02,Google Ads,Brand Search,Search,34065,2935,8.62,1.1,3228.05,117,3.99,27.59,7983.2,2.47,SIMULATED
2021-01-02,Google Ads,Non-Brand Search,Search,25548,1165,4.56,1.65,1922.59,26,2.23,73.95,1845.36,0.96,SIMULATED
2021-01-02,Google Ads,Shopping,Sales,29806,1661,5.57,1.35,2243.02,47,2.83,47.72,3627.62,1.62,SIMULATED
2021-01-02,Meta Ads,Prospecting,Acquisition,31936,583,1.83,1.05,611.73,7,1.2,87.39,433.75,0.71,SIMULATED
2021-01-02,Meta Ads,Retargeting,Conversion,19161,621,3.24,1.25,776.8,22,3.54,35.31,1847.48,2.38,SIMULATED
2021-01-03,Display,Remarketing,Conversion,12593,324,2.57,0.9,291.59,6,1.85,48.6,453.6,1.56,SIMULATED
2021-01-03,Google Ads,Brand Search,Search,33583,2937,8.75,1.1,3231.22,117,3.98,27.62,7988.64,2.47,SIMULATED
2021-01-03,Google Ads,Non-Brand Search,Search,25187,1166,4.63,1.65,1924.48,26,2.23,74.02,1846.94,0.96,SIMULATED
2021-01-03,Google Ads,Shopping,Sales,29385,1663,5.66,1.35,2245.23,47,2.83,47.77,3631.99,1.62,SIMULATED
2021-01-03,Meta Ads,Prospecting,Acquisition,31484,583,1.85,1.05,612.33,7,1.2,87.48,433.75,0.71,SIMULATED
2021-01-03,Meta Ads,Retargeting,Conversion,18890,622,3.29,1.25,777.57,22,3.54,35.34,1850.45,2.38,SIMULATED
2021-01-04,Display,Remarketing,Conversion,12401,323,2.6,0.9,291.01,6,1.86,48.5,452.2,1.55,SIMULATED
2021-01-04,Google Ads,Brand Search,Search,33068,2932,8.87,1.1,3224.86,117,3.99,27.56,7975.04,2.47,SIMULATED
2021-01-04,Google Ads,Non-Brand Search,Search,24801,1164,4.69,1.65,1920.69,26,2.23,73.87,1843.78,0.96,SIMULATED
2021-01-04,Google Ads,Shopping,Sales,28935,1660,5.74,1.35,2240.8,46,2.77,48.71,3625.44,1.62,SIMULATED
2021-01-04,Meta Ads,Prospecting,Acquisition,31002,582,1.88,1.05,611.13,7,1.2,87.3,433.01,0.71,SIMULATED
2021-01-04,Meta Ads,Retargeting,Conversion,18601,621,3.34,1.25,776.04,22,3.54,35.27,1847.48,2.38,SIMULATED
2021-01-05,Display,Remarketing,Conversion,12200,322,2.64,0.9,289.6,6,1.86,48.27,450.8,1.56,SIMULATED
2021-01-05,Google Ads,Brand Search,Search,32532,2917,8.97,1.1,3209.21,117,4.01,27.43,7934.24,2.47,SIMULATED
2021-01-05,Google Ads,Non-Brand Search,Search,24399,1158,4.75,1.65,1911.37,25,2.16,76.45,1834.27,0.96,SIMULATED
2021-01-05,Google Ads,Shopping,Sales,28466,1652,5.8,1.35,2229.93,46,2.78,48.48,3607.97,1.62,SIMULATED
2021-01-05,Meta Ads,Prospecting,Acquisition,30499,579,1.9,1.05,608.16,7,1.21,86.88,430.78,0.71,SIMULATED
2021-01-05,Meta Ads,Retargeting,Conversion,18299,618,3.38,1.25,772.27,22,3.56,35.1,1838.55,2.38,SIMULATED
2021-01-06,Display,Remarketing,Conversion,11995,319,2.66,0.9,287.41,6,1.88,47.9,446.6,1.55,SIMULATED
2021-01-06,Google Ads,Brand Search,Search,31985,2895,9.05,1.1,3184.9,116,4.01,27.46,7874.4,2.47,SIMULATED
2021-01-06,Google Ads,Non-Brand Search,Search,23989,1150,4.79,1.65,1896.89,25,2.17,75.88,1821.6,0.96,SIMULATED
2021-01-06,Google Ads,Shopping,Sales,27987,1639,5.86,1.35,2213.03,46,2.81,48.11,3579.58,1.62,SIMULATED
2021-01-06,Meta Ads,Prospecting,Acquisition,29986,575,1.92,1.05,603.55,7,1.22,86.22,427.8,0.71,SIMULATED
2021-01-06,Meta Ads,Retargeting,Conversion,17992,613,3.41,1.25,766.42,21,3.43,36.5,1823.68,2.38,SIMULATED
2021-01-07,Display,Remarketing,Conversion,11790,316,2.68,0.9,284.52,6,1.9,47.42,442.4,1.55,SIMULATED
2021-01-07,Google Ads,Brand Search,Search,31439,2866,9.12,1.1,3152.9,115,4.01,27.42,7795.52,2.47,SIMULATED
2021-01-07,Google Ads,Non-Brand Search,Search,23579,1138,4.83,1.65,1877.83,25,2.2,75.11,1802.59,0.96,SIMULATED
2021-01-07,Google Ads,Shopping,Sales,27509,1623,5.9,1.35,2190.8,45,2.77,48.68,3544.63,1.62,SIMULATED
2021-01-07,Meta Ads,Prospecting,Acquisition,29474,569,1.93,1.05,597.49,7,1.23,85.36,423.34,0.71,SIMULATED
2021-01-07,Meta Ads,Retargeting,Conversion,17684,607,3.43,1.25,758.72,21,3.46,36.13,1805.83,2.38,SIMULATED
2021-01-08,Display,Remarketing,Conversion,11589,312,2.69,0.9,281.05,6,1.92,46.84,436.8,1.55,SIMULATED
2021-01-08,Google Ads,Brand Search,Search,30904,2831,9.16,1.1,3114.48,113,3.99,27.56,7700.32,2.47,SIMULATED
2021-01-08,Google Ads,Non-Brand Search,Search,23178,1124,4.85,1.65,1854.95,25,2.22,74.2,1780.42,0.96,SIMULATED
2021-01-08,Google Ads,Shopping,Sales,27041,1603,5.93,1.35,2164.11,45,2.81,48.09,3500.95,1.62,SIMULATED
2021-01-08,Meta Ads,Prospecting,Acquisition,28972,562,1.94,1.05,590.21,7,1.25,84.32,418.13,0.71,SIMULATED
2021-01-08,Meta Ads,Retargeting,Conversion,17383,600,3.45,1.25,749.47,21,3.5,35.69,1785.0,2.38,SIMULATED
2021-01-09,Display,Remarketing,Conversion,11397,308,2.7,0.9,277.15,6,1.95,46.19,431.2,1.56,SIMULATED
2021-01-09,Google Ads,Brand Search,Search,30391,2792,9.19,1.1,3071.18,112,4.01,27.42,7594.24,2.47,SIMULATED
2021-01-09,Google Ads,Non-Brand Search,Search,22793,1109,4.87,1.65,1829.16,24,2.16,76.22,1756.66,0.96,SIMULATED
2021-01-09,Google Ads,Shopping,Sales,26592,1581,5.95,1.35,2134.02,44,2.78,48.5,3452.9,1.62,SIMULATED
2021-01-09,Meta Ads,Prospecting,Acquisition,28492,554,1.94,1.05,582.01,7,1.26,83.14,412.18,0.71,SIMULATED
2021-01-09,Meta Ads,Retargeting,Conversion,17095,591,3.46,1.25,739.05,21,3.55,35.19,1758.23,2.38,SIMULATED
2021-01-10,Display,Remarketing,Conversion,11217,303,2.7,0.9,272.95,6,1.98,45.49,424.2,1.55,SIMULATED
2021-01-10,Google Ads,Brand Search,Search,29911,2750,9.19,1.1,3024.73,110,4.0,27.5,7480.0,2.47,SIMULATED
2021-01-10,Google Ads,Non-Brand Search,Search,22433,1092,4.87,1.65,1801.49,24,2.2,75.06,1729.73,0.96,SIMULATED
2021-01-10,Google Ads,Shopping,Sales,26172,1557,5.95,1.35,2101.74,44,2.83,47.77,3400.49,1.62,SIMULATED
2021-01-10,Meta Ads,Prospecting,Acquisition,28042,546,1.95,1.05,573.2,7,1.28,81.89,406.22,0.71,SIMULATED
2021-01-10,Meta Ads,Retargeting,Conversion,16825,582,3.46,1.25,727.88,20,3.44,36.39,1731.45,2.38,SIMULATED
2021-01-11,Display,Remarketing,Conversion,11053,298,2.7,0.9,268.64,6,2.01,44.77,417.2,1.55,SIMULATED
2021-01-11,Google Ads,Brand Search,Search,29474,2706,9.18,1.1,2976.97,108,3.99,27.56,7360.32,2.47,SIMULATED
2021-01-11,Google Ads,Non-Brand Search,Search,22105,1075,4.86,1.65,1773.05,24,2.23,73.88,1702.8,0.96,SIMULATED
2021-01-11,Google Ads,Shopping,Sales,25789,1532,5.94,1.35,2068.56,43,2.81,48.11,3345.89,1.62,SIMULATED
2021-01-11,Meta Ads,Prospecting,Acquisition,27631,537,1.94,1.05,564.15,6,1.12,94.02,399.53,0.71,SIMULATED
2021-01-11,Meta Ads,Retargeting,Conversion,16579,573,3.46,1.25,716.38,20,3.49,35.82,1704.68,2.38,SIMULATED
2021-01-12,Display,Remarketing,Conversion,10908,294,2.7,0.9,264.39,6,2.04,44.06,411.6,1.56,SIMULATED
2021-01-12,Google Ads,Brand Search,Search,29088,2663,9.15,1.1,2929.81,107,4.02,27.38,7243.36,2.47,SIMULATED
2021-01-12,Google Ads,Non-Brand Search,Search,21816,1058,4.85,1.65,1744.96,23,2.17,75.87,1675.87,0.96,SIMULATED
2021-01-12,Google Ads,Shopping,Sales,25452,1508,5.92,1.35,2035.79,42,2.79,48.47,3293.47,1.62,SIMULATED
2021-01-12,Meta Ads,Prospecting,Acquisition,27270,529,1.94,1.05,555.21,6,1.13,92.54,393.58,0.71,SIMULATED
2021-01-12,Meta Ads,Retargeting,Conversion,16362,564,3.45,1.25,705.03,20,3.55,35.25,1677.9,2.38,SIMULATED
2021-01-13,Display,Remarketing,Conversion,10785,289,2.68,0.9,260.36,6,2.08,43.39,404.6,1.55,SIMULATED
2021-01-13,Google Ads,Brand Search,Search,28761,2623,9.12,1.1,2885.13,105,4.0,27.48,7134.56,2.47,SIMULATED
2021-01-13,Google Ads,Non-Brand Search,Search,21571,1041,4.83,1.65,1718.35,23,2.21,74.71,1648.94,0.96,SIMULATED
2021-01-13,Google Ads,Shopping,Sales,25166,1485,5.9,1.35,2004.74,42,2.83,47.73,3243.24,1.62,SIMULATED
2021-01-13,Meta Ads,Prospecting,Acquisition,26963,521,1.93,1.05,546.75,6,1.15,91.13,387.62,0.71,SIMULATED
2021-01-13,Meta Ads,Retargeting,Conversion,16178,555,3.43,1.25,694.28,19,3.42,36.54,1651.13,2.38,SIMULATED
2021-01-14,Display,Remarketing,Conversion,10688,285,2.67,0.9,256.71,6,2.11,42.78,399.0,1.55,SIMULATED
2021-01-14,Google Ads,Brand Search,Search,28500,2586,9.07,1.1,2844.71,103,3.98,27.62,7033.92,2.47,SIMULATED
2021-01-14,Google Ads,Non-Brand Search,Search,21375,1027,4.8,1.65,1694.28,23,2.24,73.66,1626.77,0.96,SIMULATED
2021-01-14,Google Ads,Shopping,Sales,24938,1464,5.87,1.35,1976.65,41,2.8,48.21,3197.38,1.62,SIMULATED
2021-01-14,Meta Ads,Prospecting,Acquisition,26719,513,1.92,1.05,539.09,6,1.17,89.85,381.67,0.71,SIMULATED
2021-01-14,Meta Ads,Retargeting,Conversion,16031,548,3.42,1.25,684.56,19,3.47,36.03,1630.3,2.38,SIMULATED
2021-01-15,Display,Remarketing,Conversion,10617,282,2.66,0.9,253.59,6,2.13,42.27,394.8,1.56,SIMULATED
2021-01-15,Google Ads,Brand Search,Search,28311,2555,9.02,1.1,2810.16,102,3.99,27.55,6949.6,2.47,SIMULATED
2021-01-15,Google Ads,Non-Brand Search,Search,21233,1014,4.78,1.65,1673.7,22,2.17,76.08,1606.18,0.96,SIMULATED
2021-01-15,Google Ads,Shopping,Sales,24772,1446,5.84,1.35,1952.65,40,2.77,48.82,3158.06,1.62,SIMULATED
2021-01-15,Meta Ads,Prospecting,Acquisition,26541,507,1.91,1.05,532.54,6,1.18,88.76,377.21,0.71,SIMULATED
2021-01-15,Meta Ads,Retargeting,Conversion,15925,541,3.4,1.25,676.24,19,3.51,35.59,1609.48,2.38,SIMULATED
2021-01-16,Display,Remarketing,Conversion,10574,279,2.64,0.9,251.13,6,2.15,41.85,390.6,1.56,SIMULATED
2021-01-16,Google Ads,Brand Search,Search,28197,2530,8.97,1.1,2782.86,101,3.99,27.55,6881.6,2.47,SIMULATED
2021-01-16,Google Ads,Non-Brand Search,Search,21148,1005,4.75,1.65,1657.44,22,2.19,75.34,1591.92,0.96,SIMULATED
2021-01-16,Google Ads,Shopping,Sales,24672,1432,5.8,1.35,1933.68,40,2.79,48.34,3127.49,1.62,SIMULATED
2021-01-16,Meta Ads,Prospecting,Acquisition,26434,502,1.9,1.05,527.37,6,1.2,87.89,373.49,0.71,SIMULATED
2021-01-16,Meta Ads,Retargeting,Conversion,15861,536,3.38,1.25,669.67,19,3.54,35.25,1594.6,2.38,SIMULATED
2021-01-17,Display,Remarketing,Conversion,10560,277,2.62,0.9,249.42,6,2.17,41.57,387.8,1.55,SIMULATED
2021-01-17,Google Ads,Brand Search,Search,28160,2513,8.92,1.1,2763.9,101,4.02,27.37,6835.36,2.47,SIMULATED
2021-01-17,Google Ads,Non-Brand Search,Search,21120,998,4.73,1.65,1646.15,22,2.2,74.83,1580.83,0.96,SIMULATED
2021-01-17,Google Ads,Shopping,Sales,24640,1423,5.78,1.35,1920.5,40,2.81,48.01,3107.83,1.62,SIMULATED
2021-01-17,Meta Ads,Prospecting,Acquisition,26400,499,1.89,1.05,523.77,6,1.2,87.3,371.26,0.71,SIMULATED
2021-01-17,Meta Ads,Retargeting,Conversion,15840,532,3.36,1.25,665.11,19,3.57,35.01,1582.7,2.38,SIMULATED
2021-01-18,Display,Remarketing,Conversion,10576,276,2.61,0.9,248.53,6,2.17,41.42,386.4,1.55,SIMULATED
2021-01-18,Google Ads,Brand Search,Search,28202,2504,8.88,1.1,2754.03,100,3.99,27.54,6810.88,2.47,SIMULATED
2021-01-18,Google Ads,Non-Brand Search,Search,21151,994,4.7,1.65,1640.27,22,2.21,74.56,1574.5,0.96,SIMULATED
2021-01-18,Google Ads,Shopping,Sales,24676,1418,5.75,1.35,1913.65,40,2.82,47.84,3096.91,1.62,SIMULATED
2021-01-18,Meta Ads,Prospecting,Acquisition,26439,497,1.88,1.05,521.9,6,1.21,86.98,369.77,0.71,SIMULATED
2021-01-18,Meta Ads,Retargeting,Conversion,15863,530,3.34,1.25,662.74,19,3.58,34.88,1576.75,2.38,SIMULATED
2021-01-19,Display,Remarketing,Conversion,10620,276,2.6,0.9,248.49,6,2.17,41.41,386.4,1.55,SIMULATED
2021-01-19,Google Ads,Brand Search,Search,28320,2503,8.84,1.1,2753.65,100,4.0,27.54,6808.16,2.47,SIMULATED
2021-01-19,Google Ads,Non-Brand Search,Search,21240,994,4.68,1.65,1640.04,22,2.21,74.55,1574.5,0.96,SIMULATED
2021-01-19,Google Ads,Shopping,Sales,24780,1417,5.72,1.35,1913.38,40,2.82,47.83,3094.73,1.62,SIMULATED
2021-01-19,Meta Ads,Prospecting,Acquisition,26550,497,1.87,1.05,521.83,6,1.21,86.97,369.77,0.71,SIMULATED
2021-01-19,Meta Ads,Retargeting,Conversion,15930,530,3.33,1.25,662.64,19,3.58,34.88,1576.75,2.38,SIMULATED
2021-01-20,Display,Remarketing,Conversion,10693,277,2.59,0.9,249.31,6,2.17,41.55,387.8,1.56,SIMULATED
2021-01-20,Google Ads,Brand Search,Search,28514,2512,8.81,1.1,2762.77,100,3.98,27.63,6832.64,2.47,SIMULATED
2021-01-20,Google Ads,Non-Brand Search,Search,21386,997,4.66,1.65,1645.48,22,2.21,74.79,1579.25,0.96,SIMULATED
2021-01-20,Google Ads,Shopping,Sales,24950,1422,5.7,1.35,1919.72,40,2.81,47.99,3105.65,1.62,SIMULATED
2021-01-20,Meta Ads,Prospecting,Acquisition,26732,499,1.87,1.05,523.56,6,1.2,87.26,371.26,0.71,SIMULATED
2021-01-20,Meta Ads,Retargeting,Conversion,16039,532,3.32,1.25,664.84,19,3.57,34.99,1582.7,2.38,SIMULATED
2021-01-21,Display,Remarketing,Conversion,10792,279,2.59,0.9,250.96,6,2.15,41.83,390.6,1.56,SIMULATED
2021-01-21,Google Ads,Brand Search,Search,28779,2528,8.78,1.1,2781.03,101,4.0,27.53,6876.16,2.47,SIMULATED
2021-01-21,Google Ads,Non-Brand Search,Search,21584,1004,4.65,1.65,1656.35,22,2.19,75.29,1590.34,0.96,SIMULATED
2021-01-21,Google Ads,Shopping,Sales,25182,1431,5.68,1.35,1932.41,40,2.8,48.31,3125.3,1.62,SIMULATED
2021-01-21,Meta Ads,Prospecting,Acquisition,26981,502,1.86,1.05,527.02,6,1.2,87.84,373.49,0.71,SIMULATED
2021-01-21,Meta Ads,Retargeting,Conversion,16188,535,3.3,1.25,669.23,19,3.55,35.22,1591.63,2.38,SIMULATED
2021-01-22,Display,Remarketing,Conversion,10916,282,2.58,0.9,253.37,6,2.13,42.23,394.8,1.56,SIMULATED
2021-01-22,Google Ads,Brand Search,Search,29110,2552,8.77,1.1,2807.71,102,4.0,27.53,6941.44,2.47,SIMULATED
2021-01-22,Google Ads,Non-Brand Search,Search,21832,1013,4.64,1.65,1672.24,22,2.17,76.01,1604.59,0.96,SIMULATED
2021-01-22,Google Ads,Shopping,Sales,25471,1445,5.67,1.35,1950.94,40,2.77,48.77,3155.88,1.62,SIMULATED
2021-01-22,Meta Ads,Prospecting,Acquisition,27290,507,1.86,1.05,532.08,6,1.18,88.68,377.21,0.71,SIMULATED
2021-01-22,Meta Ads,Retargeting,Conversion,16374,541,3.3,1.25,675.65,19,3.51,35.56,1609.48,2.38,SIMULATED
2021-01-23,Display,Remarketing,Conversion,11062,285,2.58,0.9,256.44,6,2.11,42.74,399.0,1.56,SIMULATED
2021-01-23,Google Ads,Brand Search,Search,29499,2583,8.76,1.1,2841.72,103,3.99,27.59,7025.76,2.47,SIMULATED
2021-01-23,Google Ads,Non-Brand Search,Search,22124,1026,4.64,1.65,1692.5,23,2.24,73.59,1625.18,0.96,SIMULATED
2021-01-23,Google Ads,Shopping,Sales,25812,1463,5.67,1.35,1974.58,41,2.8,48.16,3195.19,1.62,SIMULATED
2021-01-23,Meta Ads,Prospecting,Acquisition,27656,513,1.85,1.05,538.52,6,1.17,89.75,381.67,0.71,SIMULATED
2021-01-23,Meta Ads,Retargeting,Conversion,16593,547,3.3,1.25,683.84,19,3.47,35.99,1627.33,2.38,SIMULATED
2021-01-24,Display,Remarketing,Conversion,11227,289,2.57,0.9,260.05,6,2.08,43.34,404.6,1.56,SIMULATED
2021-01-24,Google Ads,Brand Search,Search,29940,2620,8.75,1.1,2881.73,105,4.01,27.45,7126.4,2.47,SIMULATED
2021-01-24,Google Ads,Non-Brand Search,Search,22455,1040,4.63,1.65,1716.33,23,2.21,74.62,1647.36,0.96,SIMULATED
2021-01-24,Google Ads,Shopping,Sales,26197,1483,5.66,1.35,2002.38,42,2.83,47.68,3238.87,1.62,SIMULATED
2021-01-24,Meta Ads,Prospecting,Acquisition,28068,520,1.85,1.05,546.1,6,1.15,91.02,386.88,0.71,SIMULATED
2021-01-24,Meta Ads,Retargeting,Conversion,16841,555,3.3,1.25,693.46,19,3.42,36.5,1651.13,2.38,SIMULATED
2021-01-25,Display,Remarketing,Conversion,11408,293,2.57,0.9,264.06,6,2.05,44.01,410.2,1.55,SIMULATED
2021-01-25,Google Ads,Brand Search,Search,30422,2660,8.74,1.1,2926.14,106,3.98,27.61,7235.2,2.47,SIMULATED
2021-01-25,Google Ads,Non-Brand Search,Search,22816,1056,4.63,1.65,1742.77,23,2.18,75.77,1672.7,0.96,SIMULATED
2021-01-25,Google Ads,Shopping,Sales,26619,1506,5.66,1.35,2033.23,42,2.79,48.41,3289.1,1.62,SIMULATED
2021-01-25,Meta Ads,Prospecting,Acquisition,28521,528,1.85,1.05,554.52,6,1.14,92.42,392.83,0.71,SIMULATED
2021-01-25,Meta Ads,Retargeting,Conversion,17112,563,3.29,1.25,704.15,20,3.55,35.21,1674.93,2.38,SIMULATED
2021-01-26,Display,Remarketing,Conversion,11601,298,2.57,0.9,268.3,6,2.01,44.72,417.2,1.55,SIMULATED
2021-01-26,Google Ads,Brand Search,Search,30936,2703,8.74,1.1,2973.17,108,4.0,27.53,7352.16,2.47,SIMULATED
2021-01-26,Google Ads,Non-Brand Search,Search,23202,1073,4.62,1.65,1770.78,24,2.24,73.78,1699.63,0.96,SIMULATED
2021-01-26,Google Ads,Shopping,Sales,27069,1530,5.65,1.35,2065.91,43,2.81,48.04,3341.52,1.62,SIMULATED
2021-01-26,Meta Ads,Prospecting,Acquisition,29003,537,1.85,1.05,563.43,6,1.12,93.9,399.53,0.71,SIMULATED
2021-01-26,Meta Ads,Retargeting,Conversion,17402,572,3.29,1.25,715.47,20,3.5,35.77,1701.7,2.38,SIMULATED
2021-01-27,Display,Remarketing,Conversion,11802,303,2.57,0.9,272.61,6,1.98,45.44,424.2,1.56,SIMULATED
2021-01-27,Google Ads,Brand Search,Search,31473,2746,8.72,1.1,3020.95,110,4.01,27.46,7469.12,2.47,SIMULATED
2021-01-27,Google Ads,Non-Brand Search,Search,23604,1090,4.62,1.65,1799.24,24,2.2,74.97,1726.56,0.96,SIMULATED
2021-01-27,Google Ads,Shopping,Sales,27538,1555,5.65,1.35,2099.12,44,2.83,47.71,3396.12,1.62,SIMULATED
2021-01-27,Meta Ads,Prospecting,Acquisition,29505,545,1.85,1.05,572.49,7,1.28,81.78,405.48,0.71,SIMULATED
2021-01-27,Meta Ads,Retargeting,Conversion,17703,582,3.29,1.25,726.97,20,3.44,36.35,1731.45,2.38,SIMULATED
2021-01-28,Display,Remarketing,Conversion,12007,308,2.57,0.9,276.82,6,1.95,46.14,431.2,1.56,SIMULATED
2021-01-28,Google Ads,Brand Search,Search,32019,2789,8.71,1.1,3067.58,112,4.02,27.39,7586.08,2.47,SIMULATED
2021-01-28,Google Ads,Non-Brand Search,Search,24015,1107,4.61,1.65,1827.01,24,2.17,76.13,1753.49,0.96,SIMULATED
2021-01-28,Google Ads,Shopping,Sales,28017,1579,5.64,1.35,2131.51,44,2.79,48.44,3448.54,1.62,SIMULATED
2021-01-28,Meta Ads,Prospecting,Acquisition,30018,554,1.85,1.05,581.32,7,1.26,83.05,412.18,0.71,SIMULATED
2021-01-28,Meta Ads,Retargeting,Conversion,18011,591,3.28,1.25,738.19,21,3.55,35.15,1758.23,2.38,SIMULATED
2021-01-29,Display,Remarketing,Conversion,12212,312,2.55,0.9,280.76,6,1.92,46.79,436.8,1.56,SIMULATED
2021-01-29,Google Ads,Brand Search,Search,32566,2828,8.68,1.1,3111.19,113,4.0,27.53,7692.16,2.47,SIMULATED
2021-01-29,Google Ads,Non-Brand Search,Search,24424,1123,4.6,1.65,1852.99,25,2.23,74.12,1778.83,0.96,SIMULATED
2021-01-29,Google Ads,Shopping,Sales,28495,1601,5.62,1.35,2161.82,45,2.81,48.04,3496.58,1.62,SIMULATED
2021-01-29,Meta Ads,Prospecting,Acquisition,30531,562,1.84,1.05,589.59,7,1.25,84.23,418.13,0.71,SIMULATED
2021-01-29,Meta Ads,Retargeting,Conversion,18318,599,3.27,1.25,748.68,21,3.51,35.65,1782.03,2.38,SIMULATED
2021-01-30,Display,Remarketing,Conversion,12413,316,2.55,0.9,284.26,6,1.9,47.38,442.4,1.56,SIMULATED
2021-01-30,Google Ads,Brand Search,Search,33101,2864,8.65,1.1,3150.05,115,4.02,27.39,7790.08,2.47,SIMULATED
2021-01-30,Google Ads,Non-Brand Search,Search,24826,1137,4.58,1.65,1876.13,25,2.2,75.05,1801.01,0.96,SIMULATED
2021-01-30,Google Ads,Shopping,Sales,28963,1621,5.6,1.35,2188.82,45,2.78,48.64,3540.26,1.62,SIMULATED
2021-01-30,Meta Ads,Prospecting,Acquisition,31032,569,1.83,1.05,596.95,7,1.23,85.28,423.34,0.71,SIMULATED
2021-01-30,Meta Ads,Retargeting,Conversion,18619,606,3.25,1.25,758.03,21,3.47,36.1,1802.85,2.38,SIMULATED
2021-01-31,Display,Remarketing,Conversion,12605,319,2.53,0.9,287.2,6,1.88,47.87,446.6,1.56,SIMULATED
2021-01-31,Google Ads,Brand Search,Search,33613,2893,8.61,1.1,3182.61,116,4.01,27.44,7868.96,2.47,SIMULATED
2021-01-31,Google Ads,Non-Brand Search,Search,25210,1149,4.56,1.65,1895.53,25,2.18,75.82,1820.02,0.96,SIMULATED
2021-01-31,Google Ads,Shopping,Sales,29412,1638,5.57,1.35,2211.45,46,2.81,48.07,3577.39,1.62,SIMULATED
2021-01-31,Meta Ads,Prospecting,Acquisition,31513,574,1.82,1.05,603.12,7,1.22,86.16,427.06,0.71,SIMULATED
2021-01-31,Meta Ads,Retargeting,Conversion,18908,613,3.24,1.25,765.87,21,3.43,36.47,1823.68,2.38,SIMULATED